"","B_cells_naive_CIBERSORT","B_cells_memory_CIBERSORT","Plasma_cells_CIBERSORT","T_cells_CD8_CIBERSORT","T_cells_CD4_naive_CIBERSORT","T_cells_CD4_memory_resting_CIBERSORT","T_cells_CD4_memory_activated_CIBERSORT","T_cells_follicular_helper_CIBERSORT","T_cells_regulatory_(Tregs)_CIBERSORT","T_cells_gamma_delta_CIBERSORT","NK_cells_resting_CIBERSORT","NK_cells_activated_CIBERSORT","Monocytes_CIBERSORT","Macrophages_M0_CIBERSORT","Macrophages_M1_CIBERSORT","Macrophages_M2_CIBERSORT","Dendritic_cells_resting_CIBERSORT","Dendritic_cells_activated_CIBERSORT","Mast_cells_resting_CIBERSORT","Mast_cells_activated_CIBERSORT","Eosinophils_CIBERSORT","Neutrophils_CIBERSORT"
"GSE55235_GSM1332201",0.0380910356792336,0,0.132603052969453,0.0231526012777164,0,0.0102675434097931,0,0.047962094311285,9.0308253932837e-05,0,0.036772286378918,0,0.17487982437593,0,0.0125770226715183,0.274492371486138,0.0523272178887345,0,0,0.0812835328758029,0,0.115501108421545
"GSE55235_GSM1332202",0.0307928248112587,0,0.0435966955863469,0,0.043074953999473,0.0131375797102499,0,0.0223260235483226,0.0501103592667529,0,0.0707907870122794,0,0.0502400867901214,0,0.0336748441575511,0.478061083291627,0.00532635455942464,0,0,0.1078923732599,0,0.0509760340066926
"GSE55235_GSM1332203",0.0589291034508358,0,0.115634728786593,0.0444616009097555,0,0.118585132754189,0,0.0178794059642123,0.0732957965334813,0,0.0592203641289916,0,0.15068093228253,0,0,0.300938015670845,0,0,0.0571657387174752,0.0032091808010921,0,0
"GSE55235_GSM1332204",0.0352150031470363,0,0.110198206823485,0,0,0.109349674627169,0,0.0165580718837878,0.0181763508545151,0,0,0.0204975234943485,0.188252158015214,0,0.0660657155149081,0.145272334805233,0.0323812754873429,0.00552303570224685,0,0.21200989440752,0.0197578459527581,0.0207429092844358
"GSE55235_GSM1332205",0.158609967596277,0,0.0453833785963763,0,0.0225691596572488,0.107983837414793,0,0.0579076574790831,0.0285335413425692,0,0.00740623258060199,0.100670601888806,0.128121466989103,0.0018340300987095,0.027124979209827,0.107018637596462,0,0,0,0.187531553377236,0.0193049561729066,0
"GSE55235_GSM1332206",0.0889160816920823,0,0.0326967195114103,0,0,0.115537487871393,0,0.0730260365482604,0.0327752927700407,0,0,0.0816867881462146,0.0452035271342352,0,0.0461904597855965,0.218819859539636,0,0.00480008747128827,0,0.226286301240225,0.0120681868834331,0.0219931714061842
"GSE55235_GSM1332207",0.111615329451579,0,0.08599891574452,0,0,0.0226636403823435,0,0.0533192140413291,0.0474303372270667,0.0160429936417141,0,0.0798817692638223,0.10479691475401,0,0.17850035785535,0.0357248208976564,0.0127568587398882,0,0,0.230922025609424,0,0.0203468223912973
"GSE55235_GSM1332208",0.125362104830584,0,0,0,0.0976675359865814,0,0,0.13609251576947,0.0224220511228669,0,0.049555774114991,0.0732325314789763,0.0621867200457438,0,0.0275023608203626,0.0447598406312271,0.0253302712051639,0.0114301570954091,0,0.324458136898624,0,0
"GSE55235_GSM1332209",0.0577135539562303,0,0.0333986382471442,0.0273910724755106,0,0.14120166252587,0,0,0.0227705516228272,0,0.0561020932074794,0.0060381413625141,0.0973789571565244,0,0.0222137323589422,0.352839778503548,0.00645978028102092,0,0.13385662790492,0,0,0.0426354103974691
"GSE55235_GSM1332210",0.0188843087106777,0,0.146104230667989,0.176256236482155,0,0.10534465777153,0.0810381474218179,0.00379157769697502,0,0,0,0,0.092865500126693,0,0.105275937325132,0.216727263715717,0.0116993590760883,0,0.0130308329923872,0.0179908535616443,0.0109910944511942,0
"GSE55457_GSM1337304",0.108894218980743,0,0,0,0.188808780826534,0,0.0790418624837981,0,0.0186926648221491,0.0263480762433455,0.0882916868592378,0,0.0350830182423412,0.18363015528494,0.0135961525637533,0.123400018404542,0,0.00767528568665112,0.0506637196648913,0.0681410352825127,0.00276774154248225,0.0049655831120785
"GSE55457_GSM1337305",0.0285285986232856,0,0,0.12149850944126,0.00194305370219836,0,0,0.0163607877080797,0.0629219324868569,0,0.0925730980704856,0.00219311405816119,0.122189369671797,0,0.0270706562469123,0.427020488386447,0.00518563971969983,0,0.0516551229846243,0,0.0252205238506614,0.0156391050495308
"GSE55457_GSM1337306",0.0908258409527246,0,0.0597205897132542,0,0.0237254452556436,0.136807178547884,0,0.0167058833352095,0.0433919426929686,0,0.128271681384019,0,0.162165928625512,0,0.0228905860973462,0.211282923884071,0,0,0.0920538310412864,0,0.0121581684700806,0
"GSE55457_GSM1337307",0.0504563828407003,0,0.00404902975580872,0,0,0.0937336363323638,0,0.0137861751074926,0.00830710232541928,0.0255786078290097,0.000201621196512024,0.0054657138901542,0.181227770606243,0,0,0,0,0.0169610528991857,0,0.275290803765248,0,0.324942103451864
"GSE55457_GSM1337308",0.0481499369786173,0,0.0609466903695522,0.0616634368051897,0,0.0970879089928392,0,0.0606432218598494,0.0272651575939548,0,0,0.0312827180208153,0.136792037471152,0,0.121343143430534,0.114457581219673,0.00531100181572284,0,0,0.224881987738361,0.0101751777037398,0
"GSE55457_GSM1337309",0,0,0.0601128106339164,0,0,0.123028828662077,0,0,0.0594034719306215,0,0.0339901940449521,0,0.0865288098327997,0,0.0150372396171124,0.268978280124307,0.0481263707326711,0,0.283922481221106,0,0,0.0208715132004363
"GSE55457_GSM1337310",0,0.0167881256407256,0,0.0428735051901947,0,0.0503253598537177,0,0.055010870645967,0.0476275986414145,0,0,0,0,0.391450515294805,0.0627776922851504,0.27129212175028,0,0,0.061854210697745,0,0,0
"GSE55457_GSM1337311",0,0.0321416912718541,0,0.114625844390799,0,0.0414685270707795,0,0.09879892374292,0.00992257185949832,0,0.0261313450158289,0,0.0826486867891692,0,0.0669056011538296,0.298262456625386,0.0816947210263166,0,0.0791921908705263,0.0682074401830921,0,0
"GSE55457_GSM1337312",0.0574935983348688,0,0,0.0671421729976602,0,0.153741164331601,0,0.068374814417208,0.0218215810612197,0,0.00564603239254591,0.0193969215089697,0.0643830127215489,0,0.0368328746439811,0.286149465319291,0.0197806024371064,0,0,0.179743918360673,0,0.0194938414733259
"GSE55457_GSM1337313",0.0234868827175291,0,0.0382236102367701,0.0115685314370642,0,0.153758969524759,0,0.0270316330016247,0.0136619979688802,0,0,0.0571576918587007,0.130913430350843,0.0041672562560575,0.0493594310151079,0.323764681248921,0,0,0,0.151684546989678,0,0.0152213373940653
"GSE82107_GSM2183532",0.119696835053172,0,0.151556710193905,0.068908676330082,0,0.0126595116078493,0,0.0144831260772819,0.0907361178388423,0,0.124540211409439,0,0.111661355285524,0,0.0394299295316579,0.127308434610498,0.00587898107244159,0,0.133140110989306,0,0,0
"GSE82107_GSM2183533",0,0,0.179290004669529,0.0738411155341299,0,0.148571024455264,0,0,0.0622745313252965,0,0.0441572194358485,0.0307808316009099,0.144780982578947,0.00737026749980732,0.0642584791043324,0.0250097607228911,0.0448906177023128,0,0.0242137164476159,0.150561448923116,0,0
"GSE82107_GSM2183534",0.0424887409923946,0,0,0,0.0463256516643167,0.0836408228789039,0.0491887485861754,0.0466384713096885,0,0,0,0.0729453988424359,0.123693138589135,0,0.110648741320685,0.215146333361396,0.0411603703717026,0,0.165475669353531,0,0,0.00264791272963568
"GSE82107_GSM2183535",0.0347052459338382,0,0,0.0636674209954012,0.0427058190745064,0.0134178393179468,0,0.0285535864980122,0.0109473462153637,0,0.0180729502790104,0.00630666838520276,0.147782070731791,0,0.0460302578639557,0.385415743187554,0.0591715857591113,0,0.125411314994169,0,0,0.0178121507641366
"GSE82107_GSM2183536",0.109662100936061,0,0.0396597109334604,0.0350764006594045,0,0.0337867883712952,0,0.0959012954123681,0.00113405084831915,0,0.0256034242386677,0,0.0852017482063592,0,0.0193378578730343,0.396133112752956,0.0583041216788587,0,0.0735247997880651,0,0,0.0266745883011505
"GSE82107_GSM2183537",0.0697798606005752,0,0.102877858177392,0.0302854578531115,0,0.143748349551883,0,0,0.0107483135904585,0,0.0422267158051633,0,0.145926656186938,0,0.0344233637590117,0.265820630382099,0.00205213678576593,0,0.113657908520712,0,0,0.0384527487868903
"GSE82107_GSM2183538",0,0.0750179200571904,0,0.133374903889062,0,0.0805565199001628,0.0184079419313482,0.0214018328297716,0,0,0.00550172326830028,0.00772980487861696,0.0150964140770749,0,0.034266562634816,0.371734591908897,0,0,0.198345623008086,0,0,0.0385661616166734
"GSE51588_GSM1248759",0.0407615482091757,0,0.0649757569120177,0.0920317430765081,0,0.140541329578109,0,0,0.0886094072770425,0,0.034252421147966,0,0.0975642401756354,0,0.0257351907433304,0.176001771469765,0,0,0.0962620907218675,0.00949466467046783,0.0112552227551799,0.122514613262935
"GSE51588_GSM1248760",0.0531105058374917,0,0.0512192202068739,0.096792056013072,0,0.147343138247397,0,0,0.052364944301313,0,0.0460034510162611,0,0.107626093353529,0,0.0281114215017244,0.168200863783179,0,0.0174522363945863,0.0407514015811115,0,0,0.191024667763462
"GSE51588_GSM1248761",0.0134157449276849,0.0318526514519017,0.0459978942152712,0.032718847906748,0,0,0,0,0.0154237384548881,0,0.0199522542272197,0,0.274822289258524,0.142938846097478,0.00494914806574311,0.18190714710199,0,0,0.172612619992532,0,0.03032670937643,0.0330821089235884
"GSE51588_GSM1248762",0,0,0.096229850318221,0.0660840854906881,0,0.00610653514960738,0,0.0425877917873122,0.00782374875921919,0,0.0235347062783263,0.00338294518729333,0.277115320392282,0,0.00833766898477699,0.116203961507901,0,0,0,0.0954479414638492,0.0947129794572488,0.162432465223274
"GSE51588_GSM1248763",0,0.00411209123776735,0.166969843245698,0.0123184938084164,0,0.071649792241172,0,0,0.00588647327860527,0.00236401563120377,0,0,0.0887617507734551,0,0.016133848116954,0.341290131465911,0,0,0,0.122923836739289,0,0.167589723461528
"GSE51588_GSM1248764",0.0693512295442981,0,0.0378670945594566,0,0,0.151831683254229,0,0,0.0401175939009734,0,0.0537924130751003,0,0.072354698447518,0,0.0509800053401865,0.302613840070101,0,0,0.107613380394041,0,0,0.113478061414095
"GSE51588_GSM1248765",0.0808160242960225,0,0.0808648849492088,0.0381594044545414,0,0.169342814437217,0,0,0.0505549927646092,0,0.0585915834289746,0,0.125767850157121,0,0.0294103220502151,0.15975117123322,0,0,0.0671501319196314,0,0,0.139590820309239
"GSE51588_GSM1248766",0.0568202245255368,0,0.0660826352332181,0.0324391753231928,0,0.0285223209546769,0,0,0.0355430136744143,0,0.0276685675196156,0,0.275909798070479,0.129471249216576,0.00663534127632188,0.117317929308064,0,0,0.137216367152451,0,0.02670109095048,0.0596722867949736
"GSE51588_GSM1248767",0,0.0151752958779661,0.137794980849946,0.0502583894497809,0.0166478027803671,0.00672791433748351,0,0.0294348008702966,0,0,0.0459897140299571,0,0.297882217986138,0,0.0027268907911562,0.117372713039406,0,0,0.0739719654265804,0.0127112785909165,0.0677476558242523,0.125558380145754
"GSE51588_GSM1248768",0,0.00149004504316362,0.211154987273693,0.0065570885939306,0,0.0824238470888485,0,0,0,0.00378372434127769,0,0,0.0958037564063391,0,0.0181772762248695,0.334178570502451,0.0155634903042736,0,0.0383523913995976,0.0347950148636354,0,0.15771980795792
"GSE57218_GSM1380887",0.00428713103835492,0.0207940509335473,0.0933063658410631,0.0189833646809958,0,0.0794625031274102,0.0277567899835489,0,0.151061514824419,0,0.0601659892560828,0.00259772625250174,0.065686235337935,0,0.0892561892379369,0.142459983095125,0.0724159152114501,0,0.0794204015507433,0,0,0.0923458396288853
"GSE57218_GSM1380888",0.12302686523129,0,0,0.0388756688469732,0.0453162548328947,0,0,0,0.0948253629686486,0,0.0405400291649201,0,0.0799007415008241,0,0.0426788072867898,0.32790027822189,0.00989043840016318,0.0136710313513126,0.157815752944857,0,0,0.025558769249437
"GSE57218_GSM1380917",0.0572318548590706,0,0,0.006931263646475,0,0.146757819952423,0.000145640887564366,0,0.00662714462347173,0,0.0165486824006263,0,0.0591437648965087,0,0.0364272233090401,0.474877550041286,0.0395693179482775,0,0.121919722317103,0,0,0.033820015118154
"GSE57218_GSM1380956",0.10334617358611,0,0.0852215016381481,0.110151399886217,0,0,0,0.0104163040701501,0.025423046277149,0,0.0521576073444763,0,0.211736674116406,0,0.0590654632511055,0.201674066522256,0.0110873289465117,0,0.0648396877647441,0.0603556413728664,0.00452510522385964,0
"GSE57218_GSM1380957",0,0.0712058257982786,0.00195947347717758,0.00813014817324734,0,0.107435047564046,0,0.110370883965279,0,0,0.0532600199353158,0.0299097888487602,0.105676108523804,0.0221492760900607,0.0845938877817012,0.173644789647298,0.0123006726078635,0,0.180431260201929,0,0,0.0389328173852379
"GSE57218_GSM1380958",0.0535154052762981,0,0.0136847629879809,0.11939933205002,0,0,0,0.0596008054010902,0.0383245428813966,0,0.0725523626106167,0,0.125264685805966,0,0.0530664453993374,0.283872162356657,0.0427478643071336,0,0.137971630923503,0,0,0
"GSE57218_GSM1380959",0.101321655943213,0,0.0149652179357147,0.0211035120173851,0,0.113358685143771,0.0016348441377857,0.00966852264395724,0.0880358611008061,0,0.0490111555342401,0,0.135606968654658,0,0.0876314103611753,0.209460692756364,0.0468776112624806,0,0.121323862508449,0,0,0
"GSE98918_GSM2627518",0.0911708461827284,0,0.0438050013289232,0,0,0.219108230904786,0,0.0495437900235102,0.0752836485703285,0,0.104454720293368,0,0.137793573533813,0,0.07063665538539,0.117700689274264,0,0,0.00374011735277557,0.0682504935363464,0,0.0185122336137661
"GSE98918_GSM2627519",0.0814430470281187,0,0,0,0,0.110086200491136,0,0.0397275009115138,0.0449606241633459,0,0.0411258617546949,0.00352912756023279,0.147754890371114,0,0.0314883373951222,0.38019452358571,0.0453419853180672,0,0,0.0679940753009943,0,0.00635382611995059
"GSE98918_GSM2627520",0.0515697924179888,0,0,0,0,0.129589327508263,0,0.0607407608734175,0.0626000429157607,0,0.0704830316799028,0,0.103208165340545,0,0.0818383160144402,0.273857875196013,0.0475613782402453,0,0.114025049282781,0,0,0.0045262605306423
"GSE98918_GSM2627521",0,0.0523133145674729,0.0653852145317466,0.0575494794777572,0,0,0,0.151540502026981,0.0472366547440169,0,0.116704951785158,0.00280352699683113,0.103449594560533,0,0.0466527062220119,0.163632004997375,0,0,0,0.130570494600935,0,0.062161555489181
"GSE98918_GSM2627522",0.0792686186948396,0,0.0115411732982065,0.141352172668493,0.0063580103066692,0.00373940391610266,0,0,0.130265677379414,0,0.0203175404990531,0.0520118636656995,0.27434389168502,0,0.0033325279959238,0.179982467183369,0,0,0.0907560125031164,0.00673064020409309,0,0
"GSE98918_GSM2627523",0.0484396683413572,0,0,0,0,0.0648870402241172,0,0.118862702037092,0.0151051319650096,0,0.0187449823119652,0.0322873855934778,0.124461771563804,0,0.03471846269665,0.401016372261404,0,0.0129704116276495,0.0635382192708373,0,0,0.0649678521066363
"GSE98918_GSM2627524",0.0648287577071793,0,0.0878781169636305,0,0.00470766446750985,0.121378987732917,0,0.0986451040983889,0.0299264970374845,0,0.00901048238721392,0.0162330097664724,0.0995278163202435,0.059051874664552,0.08833141749168,0.135958678417795,0.00846538705754203,0,0.13055317151,0,0.0455030343773906,0
"GSE98918_GSM2627525",0.108006608931163,0,0.0520810331364608,0.128682605983313,0,0.0976231550055273,0,0.0850539393189092,0.0544674243652872,0,0.0383829372830969,0.0306371145070176,0.254008501407881,0.0352969043472462,0.0260406169659318,0.0333069845854019,0.0333351019564373,0,0.0230770722063272,0,0,0
"GSE98918_GSM2627526",0.0464406847679178,0.0341661827603602,0,0.058246339607947,0,0.0600237150944539,0.0937339218557882,0,0.0468960389176777,0,0.00575629511273258,0,0.218034084252945,0,0.0301787807504607,0.261674028290774,0.0702473244741865,0,0.0725406669278834,0.00206193718687323,0,0
"GSE98918_GSM2627527",0.0625510661957906,0,0.0966963103750705,0,0,0.174658683072302,0,0.0533276478880693,0.0532523539890505,0,0.026913150510528,0.00486019941892676,0.0694817053051779,0,0.0625215723744298,0.279107600518749,0.0440858262920519,0,0.0303886948830509,0,0.00439344464809464,0.0377617445287085
"GSE98918_GSM2627528",0,0.0346769616545503,0.0283158196210006,0.101741909546462,0.0404388633208296,0,0,0.0114297325942554,0.126450998502174,0,0.0918724148963484,0,0.140638138240635,0.160245879374208,0.0270205605925741,0.108137475582272,0.0297409579750559,0,0.0584824329492206,0.0408078551504147,0,0
"GSE98918_GSM2627529",0.0868977048041814,0,0.0662751735827915,0.00276939467044326,0,0.0956035727613145,0,0.0420472514142879,0,0,0,0.0270376767615099,0.0358078379502807,0.0145690095680144,0.0605538762872121,0.385473854724839,0,0,0.0768657725591139,0,0,0.106098874916011
"GSE117999_GSM3316962",0,0.0776273251845139,0,0.0518551705285837,0.0441308104115925,0,0,0,0.0738199546208138,0.0154423621947672,0.0455762562632997,0,0.217975536587397,0,0.0529053566223796,0.290703206676989,0,0,0.00653981589365897,0.091353815694952,0,0.0320703893210524
"GSE117999_GSM3316963",0.0272607243442522,0,0,0.0593140341545164,0.0293920175877153,0,0,0.0707612233034179,0.13006815500401,0,0.07829853944804,0.0177056787947619,0.171265748774531,0.00455088012184821,0.0689436432327425,0.141202943464311,0.0349695219416982,0,0.0939996513651084,0.00939854949329396,0,0.0628686889697528
"GSE117999_GSM3316964",0.0633039635039898,0,0.00525520384616212,0.101930680633129,0.0213997988499113,0,0,0.0410463661573661,0.0829800878688072,0,0.0561884064320295,0,0.114964526597641,0,0.0562245577929945,0.269894067287893,0.0169419110024373,0,0.169870430027638,0,0,0
"GSE117999_GSM3316965",0.091299180577131,0,0.0625364125140277,0.130556890562955,0,0.0284635893010754,0,0.0283973855883841,0.0392106453711822,0,0.036082989056821,0.022414222739414,0.0912015663286432,0.0397331501985831,0.0333279349847623,0.218630808141516,0.0215379599340927,0,0.123784331031339,0,0,0.0328229336700728
"GSE117999_GSM3316966",0.0664302414314735,0,0,0.00410898833034794,0.012695809718218,0.0297489804532494,0,0.0214041834011591,0.0361701565964394,0,0.054462024165912,0.0035072396160789,0.0731799805425944,0,0.0593231650473033,0.451643182092916,0.0375732881500677,0,0.0698336680014953,0,0,0.0799190924527445
"GSE117999_GSM3316967",0.02149034540315,0,0.0290422257642672,0.00253045705758563,0,0.197324645952033,0,0.0526469510535129,0.0397788794131879,0,0.0656379398510894,0,0.111527919988632,0.179072438130694,0.0509076573208829,0.187074298896856,0,0,0,0.0582944174496274,0,0.00467182371848113
"GSE117999_GSM3316968",0.0366569324367475,0,0,0.00584485982139639,0,0,0,0.0529913721815667,0.0510271935872661,0,0,0.0153369358825629,0.104995402130124,0.194942384320222,0.0564218230670803,0.388033815921781,0,0,0.0937492806512525,0,0,0
"GSE117999_GSM3316969",0.0384001866946487,0,0.126928619440695,0.0305839657795295,0,0.0455406108229266,0,0,0.0371463162761231,0,0,0.0485343519766196,0.0995232214815704,0,0.0366399648943334,0.389404638791596,0.0527250340803679,0,0.0487016343611938,0.0112701472233738,0,0.0346013081770225
"GSE117999_GSM3316971",0.0053571392919875,0,0.107659925211783,0.0515147254726361,0,0.141381245436816,0.0080953657784923,0.0067149577040198,0.0644049048395902,0,0.0799193022689451,0,0.167641661695696,0,0.101858971488474,0.118050044477158,0.018235262866129,0,0.117863195164794,0,0,0.0113032983034797
"GSE117999_GSM3316973",0.000161826810792201,0.0268617250318383,0,0,0.0278283968277469,0,0,0.0617278033849337,0.059363345105596,0,2.13660558444776e-05,0.0230305403171881,0.133963225288873,0.109155685893293,0.0822561632007003,0.307446793700836,0.00985907374647131,0,0.156674989699652,0,0,0.00164906493623423
"GSE12021_GSM302859",0.124657562477112,0,0,0,0.189401513669504,0,0.0818651766072216,0,0.0126575660886139,0.0103905492223486,0.0927454952120631,0,0.0307574102148918,0.168596792156598,0.0104608025830772,0.132492318151609,0,0.0136165776014665,0.0602458775406637,0.0632648870293418,0.00321016913985756,0.00563730230563151
"GSE12021_GSM302864",0.00288074852509566,0,0,0.118829484329691,0.0106695208468117,0,0,0.0166529284952402,0.0514746415173095,0,0.0922900136543602,0.00135457039857564,0.123980143273298,0,0.0269255695560973,0.456077704353966,0.00623854719171361,0,0.0566352484585536,0,0.026219809755076,0.00977106964421202
"GSE12021_GSM302866",0.0935440993804059,0,0.0834937785383297,0,0,0.158661020540399,0,0.0199594033641781,0.0223811094268123,0,0.121200683860295,0,0.155345748815552,0,0.0191657054398071,0.222034941680361,0,0,0.10421350895386,0,0,0
"GSE12021_GSM302870",0,0.00736527573366895,0,0,0.0494825533265558,0,0,0.00774851408635964,0,0.0563513266410908,0,0,0.153294572322315,0,0,0,0,0.0135412523518737,0,0.304594827576261,0,0.407621677961875
"GSE12021_GSM303522",0.0989066212380261,0,0.0539970738278648,0.0503868828808914,0,0.125067957384127,0,0.0503939320994507,0.0224490107423046,0,0,0.0353908549148413,0.122900994689814,0,0.117893555317007,0.110532458434461,0.0059276792490989,0,0,0.198707064460661,0.00744591476145174,0
"GSE12021_GSM303523",0,0.0214482173722736,0,0.0429319456785169,0,0.0477622352320965,0,0.0496201727375179,0.050780106670972,0,0.0055466263217061,0,0,0.390401675191216,0.0669353764666719,0.262194594325083,0,0,0.062221495128427,0,0,0.000157554875519183
"GSE12021_GSM303525",0,0.039720321368564,0,0.0701791663681808,0,0.0515001114808935,0,0.0916867888656939,0.00951735554435287,0,0.0135734184014414,0,0.0936593923736743,0,0.0684001528955502,0.313546201401381,0.0919347489132546,0,0.0930064616383374,0.0632758807486761,0,0
"GSE12021_GSM303531",0.0520237853817934,0,0,0.0731152262547284,0,0.154894297150213,0,0.0571508118853831,0.0206238346707302,0,0.0211505806312155,0.00763758384758997,0.0656373268089383,0,0.0289971291153358,0.297361912796853,0.0209700380417624,0,0,0.178251277272548,0,0.0221861961429084
"GSE12021_GSM303533",0.0365072339750463,0,0.038910741908418,0.00792193137527658,0,0.143680076080214,0,0.0288526795409551,0.012014435536187,0,0,0.0593101324108692,0.139999754631164,0.00570547991829465,0.0496349206387636,0.314910240788795,0,0,0,0.153166015616843,0,0.00938635757917413
"GSE55235_GSM1332211",0,0.035582096099129,0,0,0,0.0681082509632025,0,0.0679970476626872,0.0467803251223316,0.00258851681164211,0.0480608538378131,0,0.049083494250695,0.267725381221008,0.0343856363408354,0.30207443614989,0,0,0.0706450668337776,0.00696889470698867,0,0
"GSE55235_GSM1332212",0,0.0384589946598539,0,0.0126220572880923,0,0.00103208983998895,0.00858778294598242,0.0269680571976949,0.0205649349521409,0.0344394942362314,0.00451529379707637,0,0.0737186579345544,0.285293587980348,0.0226164789884157,0.287192884264937,0.00596473608033086,0,0.178024949834352,0,0,0
"GSE55235_GSM1332213",0,0.0263353596935204,0.0189073760663821,0.107933170476825,0.0191203650248842,0,0.0695013465988259,0.0752410831067121,0.0358332517533764,0,0.0424423661191445,0.00616801807197382,0.123394017007201,0,0.0163523833292371,0.248706082060075,0.0606519656166941,0,0.149413215075149,0,0,0
"GSE55235_GSM1332214",0.0232118006768058,0,0,0.0333714615967546,0,0.0429610872500299,0,0.0725032033079442,0.030978960936299,0.0352769034436527,0,0,0.169965451852009,0.209484900571915,0.0702726843839302,0.25655484629429,0,0,0.0445702015724372,0.0108484981139317,0,0
"GSE55235_GSM1332215",0.0200228667435479,0.0222546678482112,0.068099171113684,0.0331481296811681,0.0173363377424095,0.0209856859404745,0.0573564601668922,0.0171507792661576,0,0,0.0515618723355087,0,0.0574666404236958,0.060424770171707,0.0212362627336459,0.266125640341203,0.0079906603298967,0,0.226922564938924,0,0,0.0519174902228741
"GSE55235_GSM1332216",0.000650602769903341,0,0,0.00855178480997406,0,0.0432026889247819,0,0.000915565081786047,0.0442280404136274,0,0.0497347992837878,0,0.170410634233321,0,0.0797088900636014,0.317651772619187,0.0184773965306096,0,0.264724885658019,0,0.00174293961140129,0
"GSE55235_GSM1332217",0,0.0510495885831269,0,0.00960322415555511,0,0.0431949867644262,0,0.0283795818933666,0.0704433404577591,0,0.0431570630670072,0,0.0172787728914945,0.281456120782134,0.0373441053066642,0.273671322757915,0,0,0.136954895627601,0,0,0.00746699771295009
"GSE55235_GSM1332218",0.0410204280987769,0,0.00959262955841382,0.0295110823595301,0.0388968183010768,0,0,0.0122642835262278,0.0450444284661131,0,0.040807296473022,0.0107170445524316,0.0195646711326388,0,0.0359186877237078,0.521716788298257,7.20401771013173e-05,0,0.0809994939716335,0,0,0.113874307361069
"GSE55235_GSM1332219",0.031766748324692,0.0123357752555391,0,0.0677382628920788,0.0103427344378117,0.0182114313574291,0,0.0204519745590671,0.0610858651283521,0,0.0538562587243437,0,0.0916991823418302,0,0.0333953815530966,0.341862943048865,0,0,0.257253442376894,0,0,0
"GSE55235_GSM1332220",0.015936333923028,0.0480140569835843,0.0316157590977456,0,0.0830446454426497,0.066441918585845,0,0.0232072293062096,0.0447626929165151,0,0.11218567842138,0,0.063182742036477,0,0.0670099075008103,0.288666634633862,0.075565135446109,0,0.0803672657057851,0,0,0
"GSE55457_GSM1337327",0.0934150045807829,0,0.065568850177307,0.0128964637206639,0,0,0,0.152433392721169,0.0223359199914082,0.0027033425628413,0,0,0.0448153787511029,0.067162127513957,0.0956584526990732,0.268984841939512,0.0241211679088843,0,0.144433719951696,0,0,0.00547133748160146
"GSE55457_GSM1337328",0.0755759642697012,0,0.00523374470675388,0.0398995380443248,0,0.0607063771875957,0,0.123008721253557,0,0,0.0133586186143524,0,0.0719875071369437,0,0.096240159868526,0.325945999677448,0.0357132741951229,0,0.112268486417213,0,0,0.0400616086284624
"GSE55457_GSM1337329",0.0277890804084331,0,0.0543862618173614,0.0581928566203207,0.00941529465658407,0.00356673169552877,0,0,0.0683081628910785,0.00510691032389621,0.0198602201569813,0,0.100555011342204,0,0.0687703717380169,0.336645782220283,0.0250326491832616,0,0.215711447044232,0,0,0.00665921990181945
"GSE55457_GSM1337330",0.0424512593626289,0.0628914543352149,0.127150966998914,0.191570519326248,0,0,0,0.130937044488073,0,0,0,0.0140491568409537,0.0170362079844406,0.106713678663942,0.0503879013335049,0.126301046082322,0,0,0.130510764583757,0,0,0
"GSE55457_GSM1337331",0.0278648598604603,0,0,0,0.0709047594409945,0.0623494752487104,0,0.0372358162990863,0.0655093296158193,0.0335878170661047,0.0405677276451723,0,0.017435047495332,0,0.0513332589684239,0.364494480219026,0.00996119503480605,0,0.218756233106064,0,0,0
"GSE55457_GSM1337332",0.0513603709011879,0,0.0165492110732678,0,0,0.0651254890455782,0,0,0.0474859648012087,0,0.02188404201281,0.0103835350942382,0.229116044255653,0.0183048694962324,0.0237278641461781,0.351609655162566,0.00947197398832513,0,0.106002447592665,0,0,0.0489785324300898
"GSE55457_GSM1337333",0,0.025717788074369,0.106878652084076,0,0.0588009390124489,0.00817944411617744,0,0.01824024123209,0.0298181032320848,0.0331324458468068,0.0346564909125499,0,0.0768512510411255,0,0.053685228858722,0.334154547767339,0.0835528995546051,0,0.11956272169884,0,0,0.016769246568766
"GSE55457_GSM1337334",0.0395663582414087,0,0.018489400846896,0.0378035182154234,0,0.042306532416284,0,0.0502976853525786,0.0384168719377546,0,0.0763309790428626,0,0.05739777555292,0.0344810728580515,0.0467963125860906,0.289105146559023,0.00635611238360017,0,0.214700365762781,0,0,0.0479518682443249
"GSE55457_GSM1337335",0.0349464517396033,0,0,0.0916813932642325,0,0.0249092376736164,0,0.0264681012602786,0.0617214327918941,0,0.0555607533053562,0,0.0323896551150689,0.100696680753533,0.0325001720193419,0.309858840239122,0,0,0.229267281837953,0,0,0
"GSE55457_GSM1337336",0.00586886485368306,0,0.0209686459381073,0.00649233729501631,0,0.0888768136612073,0,0.0673426750202817,0.0320849727661968,0,0.0381845339514339,0,0.0760404436594762,0.158945133937605,0.0357584402653241,0.408351719056499,0,0,0,0.0379456769563188,0,0.0231397426388502
"GSE82107_GSM2183539",0.0887791778771685,0.0187694954338813,0,0.248655829891683,0,0,0.0249759461365991,0,0.0688878523216302,0.049681349861565,0.0403403157806526,0,0.140665424792381,0.0956136765331365,0.118466897196591,0.105164034174713,0,0,0,0,0,0
"GSE82107_GSM2183540",0.00842776941484067,0.0012639950132564,0.00463003038332479,0,0,0.0881870776189607,0,0.0224329432758533,0.0312560589004014,0.0274174770793187,0.0179789586550994,0,0.109953553881503,0.00464208926409664,0.0474638723315676,0.490054705618274,0.0151263349721615,0,0.131165133591342,0,0,0
"GSE82107_GSM2183541",0.0455704430742697,0,0.0986311943387133,0,0.0396542256838947,0.0217856477292424,0,0.142564632855158,0,0.0569853619619449,0,0.069134230441107,0.127301728049775,0.00793983612942543,0.127910766667512,0.146378582010153,0.0165674891142337,0,0.0623411921367569,0.0105944650775778,0.0186017845892512,0.00803842014098495
"GSE82107_GSM2183542",0.0209626278065336,0,0,0,0,0.167016151507427,0,0.0785429192794617,0.0418163293153909,0,0,0.0493348114438784,0.0700671946038873,0,0.0403109225085107,0.354806525192917,0.00508778715754504,0,0.11613620474597,0,0,0.0559185264384784
"GSE82107_GSM2183543",0,0.0405820342183319,0,0,0,0.100067945247618,0,0.013112287484097,0.00641161140008712,0,0.0692624871545873,0,0.138405627556614,0,0.0816122526604046,0.298902428224366,0.0424956949628464,0,0.194501487121215,0,0.0146461439698322,0
"GSE82107_GSM2183544",0.0373058330027084,0,0,0,0,0.085018679302742,0,0.0402069275529269,0.0208626177612441,0,0,0.0117056647744989,0.143820409999362,0,0.0399352901437015,0.380220047082786,0.00611662054545702,0,0.0205322148660492,0.107604897410894,0,0.10667079755763
"GSE82107_GSM2183545",0.109130630209592,0,0,0.011304371883956,0.00858040319293232,0.02023292951394,0,0.0198687334646275,0.0969869908582744,0,0.00562834989021796,0.0255475278788491,0.113560597248226,0,0.0428305270622717,0.395164712593759,0.0376679741299889,0,0.102156878921606,0,0.00573481029768855,0.00560456285407044
"GSE82107_GSM2183546",0.0660499335184547,0,0.15988481757172,0.138343420974331,0,0,0,0.034133019312324,0.062979722039164,0,0.0684154562327416,0,0.0909589184161433,0.0236576321847026,0.0514396119849638,0.128807022354225,0.0180538430081071,0,0.157276602403123,0,0,0
"GSE82107_GSM2183547",0,0.0443028072489568,0.00676175797590552,0.0141192346369437,0,0.0171744194807752,0,0.0562775428774951,0.021478598505095,0,0.0387198115014293,0.00227472804490706,0.0504287910806708,0.318204323761636,0.0318636516982858,0.271447707356127,0,0,0,0.09972127120483,0,0.0272253546269427
"GSE82107_GSM2183548",0.0510348594079113,0,0.0176828108163651,0,0,0.111993575476986,0,0.050606654593814,0.0527622759433555,0,0.023934599390918,0.0198446201236752,0.0942348731968583,0.272432183914134,0.00661972670331066,0.113968064828301,0,0,0,0.151884223566334,0.000158678346087426,0.0328428536919486
"GSE51588_GSM1248769",0.117047649244662,0,0,0.00139969948570068,0.0218561337652346,0,0.0141755778841538,0.045988598134531,0.0122840346032896,0.00262644335822298,0.0379079302792549,0,0.0966451823843982,0.145009489032234,0.0545466416596607,0.351947295060524,0.00903940041602635,0,0.082519864211074,0,0.00700606048103387,0
"GSE51588_GSM1248770",0.0388089844167752,0,0.0609854369823457,0.0785119913306253,0,0.0591790114815155,0,0.0519492537878101,0,0.040295684010066,0,0.0421351628624329,0.103934493372649,0,0.0327601999054562,0.301912040881866,0.0262258130516768,0,0,0.155740333109432,0.00756159480734886,0
"GSE51588_GSM1248771",0.0453306859126534,0,0.0977452494448946,0,0,0.109924801953012,0,0.0826934445666372,0,0.0220199327113808,0.0194995004333016,0.0434064877933798,0.10562918513931,0,0.0485511102012484,0.318555483504188,0.0062370604999876,0,0,0.0980866578008222,0.00232040003918417,0
"GSE51588_GSM1248772",0.0157164895807148,0,0.0740932488858106,0.0320350167360087,0,0,0,0.0558555501033064,0.022461654878254,0,0.0671353764702019,0.0244122566779135,0.122851926818742,0.101163836718456,0.0644054228353192,0.372676829823615,0,0,0.0471923904716584,0,0,0
"GSE51588_GSM1248773",0.0823766837308274,0,0,0.0045484283708666,0,0.0570930868256825,0,0.0436681302279301,0.0820874239081184,0,0.00533755866279764,0.0541801138675213,0.129077465700039,0.0207601540443117,0.101866072658619,0.174606766972168,0,0,0,0.244398115031119,0,0
"GSE51588_GSM1248774",0.0531948222895355,0,0.0652762911879342,0.0439769495255237,0,0.15833021108876,0,0.0328012832247222,0.0200519004195282,0,0.0786749175104972,0,0.0691404276747528,0.0106084866653109,0.0404814795686613,0.357899212806252,0.00562659354118253,0,0.0639374244973391,0,0,0
"GSE51588_GSM1248775",0.0549744316929862,0,0,0,0,0.0493098891327496,0,0.00592584157303836,0.0730920500841867,0,0.0258856973584528,0.0525936499182895,0.0919635245284907,0,0.0695655279054424,0.509409365109334,0.00741537708481852,0,0.0436143030634785,0,0,0.0162503425487328
"GSE51588_GSM1248776",0.0260282379449692,0,0,0,0.0679356446102276,0,0,0.0625323241810687,0.0904885706635401,0,0.13044874665439,0,0.347131401666005,0.133744810348517,0.0314170376350353,0.0242069181615405,0,0,0.0476351553873205,0,0,0.0384311527473861
"GSE51588_GSM1248777",0,0.0867495177735083,0.0759489157072622,0.0774333380077798,0.00189892141898647,0.0154737360036848,0,0.0280853842186662,0.117059028449569,0,0.146517705333266,0,0.0784889667761098,0,0.0664445488112553,0.22792709552772,0.0194302833496583,0,0.0585425586225332,0,0,0
"GSE51588_GSM1248778",0,0.110606102386661,0.0265635154435706,0,0,0.134346007488179,0,0.0253755744699927,0.10455248865034,0,0.195488115986079,0,0.163700599512983,0,0.111880807746004,0.0413958597264139,0.0102322313789698,0,0.074704829833531,0.00115386737727594,0,0
"GSE51588_GSM1248779",0.0216199439011876,0,0.039618030644672,0.0320905460616536,0,0.148229909574949,0,0.091600233136499,0.0270040988023859,0,0.169983454932725,0,0.110600685453057,0,0.0402595226429191,0.266114409968799,0.00706255601193205,0,0,0.0458166088692219,0,0
"GSE51588_GSM1248780",0.0841032733971827,0,0.031580459821653,0.138243025627436,0,0.0157844396011571,0,0.0524180982484891,0.0462006155413218,0,0.120760227437147,0,0.119891440734549,0,0.0636599116802106,0.262155423660951,0.0357372064355512,0,0.0243207340610484,0.00514514375330314,0,0
"GSE51588_GSM1248781",0.0337038789300585,0,0,0.125913101294949,0,0,0,0.111992753582943,0.0702522353626398,0,0.137118928633188,0,0.0451232386334238,0.135981571794956,0.0462074892412809,0.228122447044011,0.00208163727362016,0,0,0.063502718208929,0,0
"GSE51588_GSM1248782",0.0214876257553537,0,0,0.145816280885096,0,0.00956407069509094,0.0249705269583313,0.0725123073321074,0.0911881251376648,0,0.0248151297752379,0,0.151427449887344,0,0.140028323772423,0.286774286539735,0.0105191296770734,0,0.0208967435845426,0,0,0
"GSE51588_GSM1248783",0.128297249918124,0,0.0400274298158462,0.0611569483310134,0,0.000899123441266436,0.0646124776421726,0.0487747314949609,0.0418720014995924,0.0357646052414181,0.0523422325836123,0,0.0660049620821389,0.129039179366392,0.0311333924289217,0.28868919249054,0,0,0.0113864736640008,0,0,0
"GSE51588_GSM1248784",0.0522224360436071,0,0.0826485178869559,0.123054028595809,0,0,0,0.0179227193756293,0.0143232128272608,0,0.0632717598717471,0,0.282772715676334,0,0.0342528626016464,0.116408608851838,0,0,0,0.0954970698303821,0.0278222974971272,0.0898037709416638
"GSE51588_GSM1248785",0.0844130585904223,0,0.0318043172702722,0,0.0550291539869105,0.0118723736884989,0,0.0728844920748899,0.015838703033864,0,0.0769398032836049,0,0.0526915689358397,0.0683157509014989,0.0562749041245082,0.311253801679099,0.038976006328689,0,0.0146224629389958,0.109083603162907,0,0
"GSE51588_GSM1248786",0,0.0042175705414331,0,0.0314556953841118,0,0.165587602218687,0.00170744745533159,0.0965149869420881,0.0338937607066102,0,0.00983620540382117,0.0541928817611903,0.0777581151905861,0,0.149570534639811,0.298526267685544,0.0610683361093749,0,0,0,0,0.0156705959614115
"GSE51588_GSM1248787",0,0.0817026124111784,0,0.017373698966664,0,0.08341077187698,0,0,0.0990381160266415,0,0.155149616446369,0,0.106977015097984,0,0.0867139677072864,0.26476626981762,0.0306936583154588,0,0.0307048412258693,0.00184144996424385,0,0.0416279821437042
"GSE51588_GSM1248788",0.0134852807519843,0,0,0.0859869378380897,0,0,0,0.116097258261817,0.0121911887608003,0,0,0.0300012131090566,0.111126739690848,0.0439038761168052,0.115183423369596,0.325981309305564,0.0454702800584002,0,0,0.100572492737039,0,0
"GSE51588_GSM1248789",0,0.0354528629633792,0,0,0.00893870700793699,0.0298811316634432,0,0.0456119512599036,0,0,0,0.00888050210057682,0.0238535826048606,0.180897346701355,0.0450135009861759,0.234148966062895,0.0901391891008253,0,0.297182259548648,0,0,0
"GSE51588_GSM1248790",0.0239169298959489,0,0.0397766117986738,0.0118579077947408,0,0.12308972989065,0,0.0626754551068171,0.013673974944019,0,0,0,0.0626125033382118,0,0.0315228317179168,0.289616453494097,0.0142900778177695,0,0.279588682071527,0.0460552897570228,0,0.00132355237260565
"GSE51588_GSM1248791",0.109420113166815,0,0,0.0219791983071186,0,0.0798192724363263,0,0.0670960833715999,0.0533238124736894,0,0,0.0367682871838749,0.0449936221304172,0.0131273752606189,0.0161701831783781,0.219087590476656,0.0207163929599913,0,0.249802601880779,0.0676954671737349,0,0
"GSE51588_GSM1248792",0.0483604335880923,0,0,0.0512964756705412,0,0,0,0.0268243373197807,0.113194365234349,0,0.064228232205402,0,0.0469877318081735,0.0730395595520151,0.124955243570551,0.272803605266278,0.016180230981999,0,0.159130896973017,0,0,0.00299888782979997
"GSE51588_GSM1248793",0.0564006444960959,0,0,0.00410221556065725,0.0103481387454661,0.0702001883559393,0,0.0186532715402551,0.0462758198714306,0,0.0168637168460091,0.00432623685901615,0.0525292520736532,0.126647452655563,0.0443780416194571,0.311412515336267,0.0589985873731279,0,0.16328736157169,0,0,0.0155765570953726
"GSE51588_GSM1248794",0.0447196810283544,0,0,0.0343347419140019,0,0.178682788291728,0,0,0.0456467155153147,0,0.0886719221303717,0,0.00348786699651079,0.244871504910784,0.0280803105553827,0.244849668376675,0.00293318620011527,0,0.0592955282312087,0.0244260858495524,0,0
"GSE51588_GSM1248795",0.0252098769763638,0,0.0719948305704689,0.165316406942886,0,0.0368684589977466,0,0.0315220213317735,0.0890933074557839,0,0.0310296157037948,0.010432682619512,0.056935862822167,0.0261071918540264,0.0615818400989152,0.283526593509643,0.0548147110420884,0,0.0481548176237627,0.00741178245106754,0,0
"GSE51588_GSM1248796",0.0948209656156998,0,0,0.0180574468537134,0,0.0751042047514478,0,0,0.0815124288390087,0,0.113301164641096,0,0.0809719812460654,0.00499767122166212,0.0210139369594105,0.177958177231746,0,0,0.33226202264015,0,0,0
"GSE51588_GSM1248797",0.0560491857315811,0,0,0.0131741479108295,0,0,0,0.0339370040034753,0.0520631712257613,0,0.0249828962591168,0,0.032518500089294,0.145806091363787,0.0236566171915776,0.118555511606001,0.0599407064037386,0,0.439316168214839,0,0,0
"GSE51588_GSM1248798",0.0203265512804013,0.0168395778345529,0.0132746155154529,0.00894745020444088,0,0.0970682762110548,0.00927778219676227,0.0661605423279074,0.0380261393188632,0.0260542174716057,0,0.0318702285689767,0.054326033631278,0,0.0985130080559889,0.306167773964254,0.107660124314736,0.000262969582341023,0.0813378990216404,0.00563726941772285,0,0.0182495410820203
"GSE51588_GSM1248799",0.0934998811592112,0,0,0.133979898364086,0.0419409535245705,0,0,0.0772881066584284,0.0766557005588346,0,0.00479099271160108,0,0.0345161320436871,0.0122364356843937,0.0733071763927172,0.242241202117748,0.0432625324574414,0,0.16628098832728,0,0,0
"GSE51588_GSM1248800",0.00841406070615003,0,0.0346421591572937,0,0,0.0856437751231687,0,0.0790662135214684,0,0,0.00181405215764933,0,0.0298937587403971,0.033787707036333,0.0479576614105038,0.51636758125335,0.0420667740567774,0,0.120346256836908,0,0,0
"GSE51588_GSM1248801",0.0446277486420464,0,0,0,0.0468710204767476,0.106157699794733,0,0,0.0663462075670651,0,0.0455161677233741,0.0236835886810273,0.0871485166767589,0.282727834874754,0.0506248353795124,0.143748978266401,0.0118768946918687,0,0.070597581654714,0.0200729255709972,0,0
"GSE51588_GSM1248802",0,0.0282576703955829,0.00848194637390748,0.106654988335379,0,0,0,0.0932510602344169,0.00959047122522824,0,0,0.0294918472782418,0.0445823262770678,0.0206797394938377,0.0744636252616182,0.347502373612881,0.00583693238019288,0.0104129658126713,0.190321295502784,0,0,0.0304727578161914
"GSE51588_GSM1248803",0.101562489996601,0,0.0592960423547768,0.0728928015265683,0,0.0761952457866503,0.00437772297395572,0.0139269935087488,0.0384894927949347,0,0.00748792858287445,0,0.119431225281047,0.121134488517868,0.0365717174148409,0.236235395671415,0.0184935888891408,0,0.0939048667005796,0,0,0
"GSE51588_GSM1248804",0.107231653027345,0,0.0198721491753687,0,0,0.106617558659482,0,0.035992498831558,0.0597650692861396,0,0.0215122952899871,0,0,0.274026087997814,0.0407259154518038,0.207161193938689,0.0182882691069533,0,0.0889095260044073,0,0,0.0198977832304516
"GSE51588_GSM1248805",0.0177610998814556,0,0,0,0,0.0614154804135314,0,0.0120259013190403,0.00464310294709562,0.0016981353607765,0,0.00402364954041802,0.00170696597345847,0.0810806761923226,0.0194723360200135,0.290608340334058,0.0400632464778945,0.000502249980071168,0.464998815559864,0,0,0
"GSE51588_GSM1248806",0.00880283294299395,0,0,0,0,0.0592193102366531,0,0.0534373916985941,0.064018430570015,0.0201000266073863,0,0,0.0264444512500671,0.213220756828768,0.0626976128835025,0.205826760211767,0.124526502871012,0,0.161705923899241,0,0,0
"GSE51588_GSM1248807",0,0,0,0,0.0764928396160441,0.0373806466124143,0,0.00772708923441102,0.00691991646966562,0,0.0107453876825804,0,0.0405482258905594,0.239886371906117,0.0445881400862748,0.352087383981449,0.0827520750973372,0,0.075669817021206,0.0252021064019411,0,0
"GSE51588_GSM1248808",0.0843460990809984,0,0,0.0326738091592913,0,0,0,0.069366755470942,0.0629630744360281,0,0.0259277060048201,0,0.125441524029355,0.137144656897818,0.0459971656451873,0.148531122641536,0.00726372097444507,0,0.221441478966396,0.0119483758724239,0,0.0269545108207586
"GSE57218_GSM1380889",0.000333584681002526,0.0406992022429071,0.0181509583884715,0,0,0.0183220585815505,0.00833598207106993,0.0419786167905149,0.00411392099715915,0.0531003419723306,0.0191061179593362,0,0.07043378585866,0.222798777670247,0.0387683994215156,0.395386853606088,0,0,0.0623869645147122,0.0058330531100738,0,0.000251382134361376
"GSE57218_GSM1380891",0.0563796137316803,0,0.0613994571613696,0.150549473731433,0,0.0411675755735223,0,0.0204832810585187,0.0590974519411988,0,0,0.0407509390177588,0.319674224321082,0.017134975528077,0.0158929574008054,0.0695193984367674,0.0234702725767644,0,0.0368657589174631,0.056809857632891,0.0308047629706684,0
"GSE57218_GSM1380893",0.0316293756339067,0,0.0277126030154194,0.0380057287110618,0,0.00616653825944896,0,0,0.0627317404416931,0.0247053305878603,0,0.00294866960940785,0.0515491000965669,0.281892300213714,0.0457808811094798,0.341871247186485,0.00360707495928155,0,0.040722394533729,0.040677015641946,0,0
"GSE57218_GSM1380895",0.0561760477483702,0,0.0233823574497605,0.0925497105966559,0,0.145337861009883,0,0,0.0241577780474557,0,0.0129803497908727,0.0143609722480844,0.315571517768346,0.0700363377124656,0.0227738994693629,0.121830252251286,0.0114632971434331,0,0.0893796187640227,0,0,0
"GSE57218_GSM1380897",0.0384955150824429,0,0.0293509543391192,0.0367639032051121,0,0.056232038441308,0,0.013879111270914,0.105676050219063,0,0.0375995055225632,0.0158375742813364,0.27063857812893,0.0392245026865296,0.0535396991127391,0.187046262751257,0,0,0.115716304958686,0,0,0
"GSE57218_GSM1380899",0.0281801524658673,0.00828449560275185,0,0.0190211159131107,0,0.0812873535598762,0,0.0341438339536292,0.00172125491985028,0,0,0.0292991304633033,0.0447530619421659,0.0496444427000879,0.0185238629608333,0.54145174587267,0.00420816761136233,0,0,0.102387651728352,0,0.0370937303061403
"GSE57218_GSM1380901",0.0425039077347181,0,0.0259985987344794,0.018814299062328,0.0345764320593152,0.000899364529318661,0,0.0528110153231386,0.0549822622126457,0,0.0310620877688647,0.0343150569151589,0.227553507605653,0,0.0900469623482773,0.274745714571713,0.00345828274455176,0,0.0446463426394971,0.0531516173791909,0,0.0104345483711495
"GSE57218_GSM1380903",0.041144381188774,0,0.0125415024615378,0.0658658632320105,0,0.0370884997732828,0,0.0583237898713948,0.0332231130937497,0,0.0273086569900856,0,0.015077123535427,0.282807439707087,0.0162381168526869,0.390130574431246,0,0,0,0.0202509388627174,0,0
"GSE57218_GSM1380905",0.0598260667780845,0,0.0221169176186855,0.00266767474705589,0.0108255885919703,0.0348174161338061,0,0.0329676143560919,0.0240572026829395,0,0.0462139470203862,0,0.204744866388262,0,0.0757703469049438,0.366073366211853,0.0284678844332116,0,0.0866322098903626,0,0,0.00481889824234664
"GSE57218_GSM1380907",0.0515496920056213,0,0.00784786660411347,0.00724178611904172,0.0109086285709287,0.0101016991073158,0,0.0650676136937746,0.0593925329146024,0.000398225362529263,0,0.043088070840289,0.0395530044976512,0,0.0526080168203402,0.321736853914971,0,0,0.26161302343584,0,0,0.068892986112981
"GSE57218_GSM1380909",0.0173936709655581,0,0.0768510064704665,0.0346120113995904,0.00662849492213963,0.0398775554822167,0,0.0796674660115155,0.0204603071313869,0,0.0469682306366317,0,0.11448194264385,0,0.121264723570239,0.260956459857831,0.0489181941052379,0,0.131233503441585,0,0.000686433361751391,0
"GSE57218_GSM1380911",0.081435719991011,0,0.0331016848945348,0.00803232706741822,0.000930495111769769,0.081105617155265,0,0.0317740525698828,0.0948169296266314,0,0.0272163843382769,0.0116604674518333,0.212684235023667,0.0279822150583442,0.057088620671087,0.194571068795779,0.0175249633769568,0,0.113838875991887,0,0,0.006236342875656
"GSE57218_GSM1380913",0.0821683852686173,0,0.0859152855724501,0.0581568328495435,0,0.0170308839742446,0,0.0682665377864192,0.0805967307583435,0,0,0.0563884077922362,0.0624899935424493,0,0.0628505367495346,0.27244450116027,0.0190716528919103,0,0.076301040241663,0,0,0.0583192114123186
"GSE57218_GSM1380915",0.0522628215222805,0,0,0.00508942417496433,0,0.0357012022302324,0,0.0412902311650092,0.0221293735234679,0,0.0286913304694072,0,0.0537084598011275,0.203114787078183,0.0255071461348739,0.331271702496974,0,0,0,0.20123352140348,0,0
"GSE57218_GSM1380918",0.0852093404565529,0,0.0314585051276866,0,0,0.155309653696809,0,0.0079891436934558,0.0835398240230625,0,0.0163326844009735,0.0139815144832011,0.0981904198771844,0,0.0923631820884639,0.28022120427386,0.00296077050379772,0,0.105672676207742,0,0,0.0267710811672104
"GSE57218_GSM1380920",0.0966454306375089,0,0.0542288209986925,0,0.0209752269448991,0.130010664453114,0,0.0415511440242733,0.0393025911470036,0.0175777765148472,0.0267559539682811,0,0.0662988232083028,0,0.0685051863470253,0.230941312457817,0.0210947553048531,0,0.123256591690181,0,0.0159085150763018,0.0469472072268997
"GSE57218_GSM1380922",0.0616190831163872,0,0.0730603350467864,0,0,0.100013263660052,0,0.0567180088790085,0.0828431043930769,0,0.114804687446537,0,0.140834405226097,0,0.0640823331397875,0.220745142283321,0.00547199512203285,0,0.0725538742236605,0.00591638305845014,0,0.00133738440480259
"GSE57218_GSM1380924",0.0533925333290769,0,0.0345683959401674,0.132537539134361,0,0,0.00344442554489696,0.0181355389465444,0.0578742184196606,0,0.0446238861519307,0,0.118951745326288,0,0.0508271403978828,0.345053761247031,0.0772561558849877,0,0.037015748724936,0.0184835142937325,0.00783539665850362,0
"GSE57218_GSM1380926",0.0562829614646493,0,0.0247114202268814,0.07690459350434,0.073403536873728,0.00683086822306577,0,0.0399466046537227,0.0276592507139126,0,0.0756062634035186,0,0.214774660745992,0.00368053744735238,0.0571097473213294,0.205145551958084,0.0216927507579585,0,0.0970247654808207,0,0,0.0192264872246447
"GSE57218_GSM1380928",0.0450113017684705,0,0.0581507311197665,0,0.0482367036771559,0,0,0.127584644508543,0.0411177173041919,0,0.0426858670772649,0,0.082804325868373,0,0.0670468959697857,0.255845859968545,0.0711439885511465,0,0.112588934110179,0,0,0.0477830300765776
"GSE57218_GSM1380930",0.0359189399815574,0,0.027699793625855,0,0,0.150767592069092,0,0.129042432318522,0.0275094687742927,0.00197437702838861,0,0.0037238008802639,0.117508259023436,0,0.0799278304300769,0.259196146561037,0.017223859758228,0,0.130510064938152,0,0,0.0189974346110989
"GSE57218_GSM1380932",0.0672350787781865,0,0.0974667775703208,0,0.0525228301264634,0.0144258441219792,0,0.118520551367932,0.000529226390942336,0,0.0888298206476707,0.00480043647544148,0,0.15343521280486,0.106869640091743,0.179344810674937,0,0,0.072123616451092,0.0342423632700877,0,0.00965379122834272
"GSE57218_GSM1380934",0.0246138163673025,0,0.00436897438511575,0.0203644311038704,0.0765292503030208,0,0,0.0495391458887233,0.0644250981619941,0,0.0864049060975505,0,0.120824185610774,0.187336211767741,0.0553334416383196,0.200406142920498,0,0,0.0667222708200462,0.0199809714279843,0.0231511535070588,0
"GSE57218_GSM1380936",0.051081243884441,0,0.0356004413936383,0.0339035877534765,0,0,0,0.051384023227213,0.0483774509568531,0.0060116682759503,0,0.0112167654609037,0.0344364079943063,0.18785570504431,0.0487863151816749,0.400488474415655,0,0,0.0836984819086256,0,0,0.00715943450295204
"GSE57218_GSM1380938",0.0632802298885988,0,0.017538203734487,0,0,0.0793185812251327,0,0.0668286624360155,0.0348994878956329,0,0.107756143678795,0,0.204263956430097,0,0.0817772915684978,0.202705425129889,0.0487869241513032,0,0.092845093861551,0,0,0
"GSE57218_GSM1380940",0.0489598297667889,0,0.0229372422520737,0,0,0.227038087048988,0,0.0895293235950929,0,0.0117380857228847,0.013768516609484,0,0.0767819240248801,0,0.0521262765783658,0.326080585867304,0.00854763906793332,0,0.0973870633790793,0,0,0.0251054260871257
"GSE57218_GSM1380942",0.0291103278203998,0.00922754404579125,0,0.0598637474533528,0,0,0,0.041945484489112,0.0145392676156192,0,0.034664686104621,0,0.0147105003697383,0.229510047928776,0.0136224217759593,0.398931895912815,0,0,0,0.105673655561287,0,0.0482004209225283
"GSE57218_GSM1380944",0.00950018875646777,0.00323256673166894,0,0.00222863724967019,0.0502073167617028,0,0,0.098531701601751,0.0513819870124248,0,0.0657848947895298,0,0.242921557511327,0.159243246802673,0.0670107243227897,0.110468832387283,0,0,0.0776264635173188,0.0277143159307803,0.0341475666246134,0
"GSE57218_GSM1380946",0.105760042192972,0,0,0.0050519360476098,0,0.175628301014243,0,0.00275322350350337,0.0295279218220042,0,0.00869192743101367,0.0295308822519613,0.121478033512231,0,0.0944276402871614,0.24848220082708,0.0539337329836921,0,0.0982268238533375,0,0,0.0265073342731901
"GSE57218_GSM1380948",0.0419362944278761,0,0.0444776829032311,0.0486850507250707,0.00816277292691073,0.0117464068227323,0,0.0443252793665069,0,0.0209541817633824,0,0.0244044748244917,0.102242405791878,0,0.0958222632366163,0.352640083707205,0.0496103797310249,0,0.149778674177436,0,0,0.00521404959563788
"GSE57218_GSM1380950",0.0795897843709992,0,0.00596600344389291,0,0.0160449179790031,0.0272236370782072,0,0.0856736235342279,0.0283918112587844,0.00301700407886477,0,0.0476333004556356,0.0771018581059036,0,0.0835856158916305,0.329964032531125,0.0419320567125367,0,0.124747319941599,0,0,0.0491290346175905
"GSE57218_GSM1380952",0.0113263831006703,0.000220511055484416,0.0002618411058001,0,0,0.161138809011606,0.000190371453242123,0.0737555175540678,0.0417260938344087,0.0195111712599824,0.0938282066090194,0,0.252183903361468,0.0424364772265291,0.0313347871030891,0.120222725448878,0.00996665803828145,0,0.0605369889884217,0,0,0.081359554849052
"GSE57218_GSM1380954",0.0485174772796392,0,0.0415404251713852,0.0573795598866916,0,0.125203631628006,0.019246213530024,0,0.131278496599822,0,0.0336557655166495,0,0.11483289953541,0,0.0376611104983785,0.310878753783186,0,0,0.0329810782908256,0.0325219060948748,0,0.0143026821851071
"GSE98918_GSM2627530",0.0669448078013303,0,0,6.15000632426905e-05,0.00615470528610251,0.0623171092793004,0,0.0289770739228166,0.0160542758111487,0.0635289043017448,0.0336531945026656,0,0.0363001723673528,0.144547129776568,0.0814797808492425,0.378206514320538,0.0157069838133609,0,0.0109615500618595,0.0517229060728422,0,0.00338339176988465
"GSE98918_GSM2627531",0.066553114420372,0,0,0,0,0,0,0.0657574094952456,0.00345716496489786,0.052703705155555,0,0.0168432916983372,0,0.338726956624513,0.0393350856332228,0.259051657998465,0,0,0.120215307548952,0.0114176990373244,0.00224312542469629,0.0236954819984182
"GSE98918_GSM2627532",0.030334743164746,0,0.004476433237983,0.145605004413029,0.0368314268083789,0.131474961493181,0,0,0.00236317192986901,0,0.0786653269511252,0,0.131569522526916,0.183182201991179,0.0216386072625187,0.165033834919295,0,0,0.0348786960420014,0.0339460692597774,0,0
"GSE98918_GSM2627533",0,0.00136939000757072,0.108514703013037,0.110036105899346,0.0569198678769433,0,0,0.078333597652254,0.0610471621477098,0,0.0817837667797451,0,0.123662499424976,0,0.0313951221866685,0.221888330132399,0,0,0.0529146353994826,0.00455942777272847,0.0126729114355763,0.0549024802715628
"GSE98918_GSM2627534",0.0852173062618866,0,0.00110393230021854,0.0419814380950845,0,0.0117305238854781,0,0.0104405278760164,0.00367469791342635,0,0.000751981763785708,0,0.0839796965834965,0,0.0455151637200765,0.513918979992412,0.00507813297126985,0,0.143092320791784,0,0,0.0535152978450644
"GSE98918_GSM2627535",0.0956971185482199,0,0.00280226602002186,0.00890296674468047,0,0.0405193763456514,0.0208216060096355,0.0084582311405183,0,0.0130942371125155,0,0,0.0606783045198701,0,0.0611306796980859,0.537396350813908,0.015367455045753,0,0.0710937429154991,0,0,0.0640376650856407
"GSE98918_GSM2627536",0,0.0756288915862859,0,0.143854049204596,0,0.0401481333197443,0,0.0248315429911185,0.0162071237261225,0,0.015525512517988,0,0.0622572530066168,0,0.0663119931546366,0.280101779538381,0.00671961211121391,0,0.249898425352547,0,0,0.0185156834907491
"GSE98918_GSM2627537",0.0618339048113139,0,0,0.0732416138336832,0,0.031629023489794,0,0.0570702813562565,0.0468026635597575,0,0,0.0266800165594649,0.035615494108263,0,0.0680457239453006,0.36856384918185,0.0126574484394989,0,0.176621157648054,0.0103272460999185,0,0.0309115769668451
"GSE98918_GSM2627538",0.0260927371712715,0,0,0,0,0.117882613394033,0,0.00373986889584435,0.087759623872411,0,0.0653393780741227,0,0.177476699193223,0,0.0731279194174204,0.375852350564107,0.00315299990057516,0,0.0393257162009833,0.0302500933160085,0,0
"GSE98918_GSM2627539",0,0.0200411678853013,0.0740972850478588,0,0,0.13740091547944,0.0234184424182004,0.0401252150947946,0.0369479820879506,0,0.0858760255108766,0,0.150413090318139,0.00028008835103689,0.129391940483883,0.167356779340007,0.0369921982071835,0,0,0.0618623846503761,0,0.0357964851249525
"GSE98918_GSM2627540",0,0.0261156797618161,0.0090827299228978,0,0.0112747548128132,0.104031386762497,0,0.0346782741577292,0.00293173464140056,0,0.0637979667248301,0,0.160479285544481,0.210656034556459,0.0595474254451973,0.205093040193652,0.0320133444865463,0,0.0703983843927385,0.00989995859694171,0,0
"GSE98918_GSM2627541",0,0,0.0159366704671296,0,0,0.0772274319259056,0,0.0911002373836929,0.044796179807495,0.0106911591105904,0,0.0319223124570718,0.131554000966518,0.0895468668501009,0.140106813554464,0.12222604214529,0.0314605828571788,0,0.185186546044348,0,0.0282451564302149,0
"GSE117999_GSM3316974",0.0563947280928364,0,0.0449500516122729,0.0854607144057764,0,0,0,0.0489904353240018,0.0120022126803014,0.00560550384883928,0,0.00873002034010391,0,0.250350708385844,0.059999259898818,0.271159077233505,0.0251764477387439,0,0.122097881523026,0.00908295891593154,0,0
"GSE117999_GSM3316975",0.086307296865531,0,0.0907739350827014,0.0031557201702906,0.0753404721606973,0.0298956647093266,0,0.0825720787424958,0.0259365274096653,0,0.0313797008622091,0.0241624388117925,0.14506326641013,0,0.0584235375114635,0.223785753975833,9.09889228840522e-05,0,0,0.0573456333254677,0,0.0657669850395119
"GSE117999_GSM3316977",0,0.00189645597187221,0.0231218340473127,0.114114758717151,0.0633458442095279,0,0,0.035665323074651,0.0610382661433096,0,0.0928424241376103,0,0.11536379175909,0,0.0272320190471001,0.256883083272502,0.0389031206639021,0,0.0512376158969878,0.0453456802154826,0,0.073009782843501
"GSE117999_GSM3316978",0.0438356634592982,0,0.0285273407207131,0,0.00274197678048167,0,0,0.0150648828913991,0.0071784603317523,0.138972548171384,0,0.0144638035886135,0.0116283073207567,0.205278008155843,0.0588604736612257,0.291474386971356,0.000654421859236114,0,0.154647974596274,0,0,0.0266717514916666
"GSE117999_GSM3316979",0.132389560075704,0,0.098340039065968,0,0.000322712593557027,0.0820774959533074,0,0.158080178530413,0.0576188204225638,0,0,0.0962197176777823,0.0692010211874801,0.0534716623788643,0.0685160118234436,0.101820583558773,0.0265139112763021,0,0,0.0523127947084323,0,0.00311549074740996
"GSE117999_GSM3316981",0.0583409276501556,0,0.128899699646577,0.0915622758165748,0.000732990919277082,0,0,0.0395836338934222,0.0855470287097099,0,0.0545480010890662,0,0.214075777702249,0.00213214960604261,0.0334456844935848,0.0778148222337825,0.0271116139762716,0,0.115880218999041,0.00629783592361814,0.00543592402618511,0.058591415314442
"GSE117999_GSM3316982",0.0808977706439638,0,0,0.0103425222569833,0,0.119626543964665,0,0,0.0570892343063001,0,0,0,0.185240384424071,0,0.0856476145089877,0.319312845228396,0.0286343093559424,0,0.105057104105157,0.00815167120553325,0,0
"GSE117999_GSM3316983",0.081953520067132,0,0.098835181643809,0.0198051726178545,0,0.176645626470563,0,0.0351337522024477,0.0751161581330048,0,0,0.0245175428046848,0.152672498889311,0,0,0.242544763508288,0.0166962599127531,0,0.0760795237501532,0,0,0
"GSE117999_GSM3316984",0.0900764748326321,0,0,0.00528747545413923,0,0.0774793641365957,0.0913035644202578,0,0.0294339468176782,0,0.0104982561320741,0.00628588786030227,0.151619176100393,0,0.0511130508075416,0.321531238083897,0.0602843737231003,0,0.0920932429303608,0.0129939487010275,0,0
"GSE117999_GSM3316985",0.0256237179644847,0,0.00342775846463243,0.0121273671031867,0.0259836554393231,0.0107284822107316,0,0.0670150077127207,0.0447879857249634,0,0,0.0748518008826249,0.0314817963724245,0.25885434128776,0.054241390978841,0.326301553094683,0,0,0.0281035316941437,0.0296477240414002,0.00682388702808081,0
"GSE12021_GSM302876",0.0526698907300347,0,0.0734099661800508,0.0303380640047068,0,0,0,0.145853057189393,0.0342782141979485,0,0.0108428507426802,0,0.0472878963616949,0.0442486780867217,0.0944490456780113,0.290312805596074,0.0296429106527011,0,0.139050033275811,0,0,0.00761658730417271
"GSE12021_GSM302880",0.0662691896272622,0,0.0163716930564363,0.0252505204701252,0,0.0691310294976821,0,0.107605786464935,0,0.000841013651287441,0,0.000474685343142451,0.0824117984679036,0,0.0934036596628105,0.325522622368643,0.0547035237954716,0,0.125878864724854,0,0,0.0321356128694459
"GSE12021_GSM302930",0.0506334318048495,0,0.0474430249590789,0.0741621573245238,0,0.0133294622439855,0,0,0.0652423016829543,0,0.0084140005716627,0,0.0885775122954213,0,0.0622019758869221,0.309406665950884,0.0294374968215176,0,0.242693210927941,0,0,0.00845875953025959
"GSE12021_GSM303326",0.0423949613219075,0.0664482961117023,0.135672372122702,0.155784649487114,0,0,0,0.157468250302732,0,0,0.00739865840826083,0.00190322231265747,0.012821643319498,0.0974223667307636,0.0515955682106984,0.131933171697305,0,0,0.139156839974659,0,0,0
"GSE12021_GSM303341",0,0,0.0170417797302452,0.0202722286534873,0.0475905725662269,0,0.0120491126125654,0.0240345308610326,0.0790183948916676,0,0.0636742420291739,0,0.0249452968882177,0,0.0466766689631926,0.383595228016953,0,0,0.281101944787238,0,0,0
"GSE12021_GSM303356",0.0229126344864098,0,0.0222844004865938,0,0,0.112135944435736,0,0,0.0446345529326697,0,0.00291085719189299,0.03111148899318,0.224409562970225,0,0.0205730641948529,0.335874321141672,0.0117323540403754,0,0.129623189419721,0,0,0.0417976297066718
"GSE12021_GSM303358",0,0.0335096491256626,0.103549917962035,0,0.0654727706126663,0.00974745702844521,0,0.0162135973817644,0.0275999843690941,0.0241482040588747,0.0396778870499752,0,0.0737961538059746,0,0.05282595109723,0.329023869464565,0.0846196803440683,0,0.124860079243824,0,0,0.0149547984558201
"GSE12021_GSM303360",0.0333664912447219,0,0.0183685512440158,0.03178284969893,0,0.0470173240686603,0.00182092279227673,0.0414882707913414,0.0416907523367039,0,0.0768414603770861,0,0.0572650401639995,0.0258070948634755,0.0429713321196374,0.322083233455743,0.00592575762588629,0,0.204511038221762,0,0,0.0490598809957605
"GSE12021_GSM303362",0.0782247478239118,0,0,0.125229788094975,0,0,0.00503704601596063,0.04038876308733,0.054955658617331,0,0.0208954598803916,0.00386829179479029,0.0825041936937213,0.121428858483611,0.0462262653047458,0.210449586293904,0.000543170719282309,0,0.210248170190045,0,0,0
"GSE12021_GSM303370",0,0,0.02391919939225,0.00172796545901235,0,0.087475359910713,0,0.0627650108943147,0.0311441427881549,0,0.0389313222914979,0,0.0760400612871883,0.144958588196538,0.035515541283336,0.433633883786639,0,0,0.000803581906196481,0.0362061011420812,0,0.0268792416620778
